Price,Close,High,Low,Open,Volume,Daily_Return,MA_7,MA_30,Volatility_7,Volatility_30
Ticker,ZS=F,ZS=F,ZS=F,ZS=F,ZS=F,,,,,
Date,,,,,,,,,,
2024-01-02,1274.0,1289.5,1266.0,1289.5,2675,,,,,
2024-01-03,1269.5,1275.25,1268.0,1271.5,2363,-0.3532182103610726,,,,
2024-01-04,1262.0,1274.25,1260.25,1274.25,353,-0.5907837731390364,,,,
2024-01-05,1249.75,1261.25,1249.75,1261.25,1000,-0.9706814580031642,,,,
2024-01-08,1239.5,1252.75,1233.25,1252.75,255,-0.8201640328065585,,,,
2024-01-09,1241.5,1243.0,1228.75,1238.5,158,0.16135538523598392,,,,
2024-01-10,1228.75,1241.5,1228.75,1241.5,307,-1.0269834877164707,1252.142857142857,,,
2024-01-11,1231.25,1235.5,1231.25,1234.0,220,0.20345879959309254,1246.0357142857142,,0.5102735176578476,
2024-01-12,1205.75,1240.25,1205.75,1239.75,237245,-2.07106598984772,1236.9285714285713,,0.7786689314390409,
2024-01-16,1227.25,1237.75,1220.75,1227.0,140122,1.783122537839521,1231.9642857142858,,1.2337337228922165,
2024-01-17,1205.75,1231.0,1205.0,1227.25,138322,-1.751884294153594,1225.6785714285713,,1.3266815007536255,
2024-01-18,1213.5,1216.0,1201.0,1206.0,112771,0.6427534729421591,1221.9642857142858,,1.3824744488403364,
2024-01-19,1213.25,1227.0,1210.75,1213.0,96455,-0.020601565718991743,1217.9285714285713,,1.3741674676451632,
2024-01-22,1224.25,1225.75,1209.5,1216.75,94437,0.9066556769008915,1217.2857142857142,,1.4024622349671136,
2024-01-23,1239.5,1240.5,1221.5,1224.25,107718,1.2456606085358368,1218.4642857142858,,1.48593913663649,
2024-01-24,1240.25,1246.0,1235.25,1239.0,130579,0.06050826946348842,1223.392857142857,,1.144984645431629,
2024-01-25,1223.0,1247.5,1215.5,1240.0,138526,-1.3908486192299896,1222.7857142857142,,1.1387815459083617,
2024-01-26,1209.25,1230.75,1208.5,1223.5,112232,-1.1242845461978734,1223.2857142857142,,0.9978956145253259,
2024-01-29,1194.25,1212.5,1191.5,1210.75,160776,-1.240438288195167,1220.5357142857142,,1.0619001922271991,
2024-01-30,1218.75,1221.25,1187.75,1193.75,133600,2.0514967552857533,1221.3214285714287,,1.3715066303537098,
2024-01-31,1222.25,1223.0,1206.75,1218.75,131031,0.2871794871794897,1221.0357142857142,,1.3280219558916722,
2024-02-01,1203.25,1221.75,1199.5,1221.25,117651,-1.5545101247698923,1215.857142857143,,1.3062645348260282,
2024-02-02,1188.5,1208.25,1186.75,1203.25,101687,-1.225846665281527,1208.4642857142858,,1.3185074932549112,
2024-02-05,1196.25,1198.5,1179.5,1190.0,133159,0.6520824568784223,1204.642857142857,,1.340100313110238,
2024-02-06,1199.5,1205.5,1193.75,1196.0,104104,0.2716823406478497,1203.25,,1.3016569874140071,
2024-02-07,1189.0,1202.0,1179.25,1199.0,137235,-0.8753647353063831,1202.5,,1.2552226472894095,
2024-02-08,1193.5,1204.75,1180.5,1187.0,165204,0.3784693019343921,1198.892857142857,,0.8944506844551934,
2024-02-09,1183.5,1198.0,1181.5,1195.0,120117,-0.8378718056137435,1193.357142857143,,0.8731922771032715,
2024-02-12,1193.0,1196.75,1182.5,1183.75,114463,0.8027038445289403,1191.892857142857,,0.832485051795475,
2024-02-13,1186.25,1197.5,1183.0,1191.75,132884,-0.5658005029337776,1191.5714285714287,1218.8666666666666,0.7153889408284873,
2024-02-14,1170.5,1190.0,1168.25,1186.25,128628,-1.3277133825079002,1187.892857142857,1215.4166666666667,0.7905564992249433,1.0509129821730525
2024-02-15,1162.25,1174.75,1160.25,1168.0,135571,-0.704826997009822,1182.5714285714287,1211.8416666666667,0.7567122397410916,1.0537526225954206
2024-02-16,1172.25,1173.75,1162.25,1163.75,99941,0.860400086040003,1180.1785714285713,1208.85,0.8690765394817798,1.0725349177221382
2024-02-20,1179.0,1188.5,1174.0,1177.75,145020,0.5758157389635254,1178.107142857143,1206.4916666666666,0.8937898340102479,1.0733717651154768
2024-02-21,1160.75,1179.25,1157.5,1179.0,113652,-1.5479219677692946,1174.857142857143,1203.8666666666666,1.0142545536465282,1.0961226722558344
2024-02-22,1147.75,1167.25,1146.75,1161.0,136672,-1.119965539521861,1168.392857142857,1200.7416666666666,0.9315221002876026,1.1059620785130393
2024-02-23,1133.0,1154.0,1130.25,1148.0,125088,-1.2851230668699642,1160.7857142857142,1197.55,0.9726892951753461,1.1131524881987227
2024-02-26,1136.0,1142.25,1124.75,1137.0,98731,0.26478375992939895,1155.857142857143,1194.375,0.9739683193489492,1.114096557956539
2024-02-27,1131.25,1152.25,1128.75,1136.0,79533,-0.41813380281690016,1151.4285714285713,1191.8916666666667,0.966109049274604,1.0611605766708094
2024-02-28,1134.0,1144.5,1124.75,1132.25,37481,0.24309392265193797,1145.9642857142858,1188.7833333333333,0.8557283871776179,0.9968736565047687
2024-02-29,1128.25,1136.0,1115.0,1132.0,4459,-0.507054673721341,1138.7142857142858,1186.2,0.7227888236708842,0.9576964385984847
2024-03-01,1143.0,1143.5,1126.75,1128.25,763,1.3073343673831062,1136.1785714285713,1183.85,0.8989081555337025,0.9855451726095904
2024-03-04,1147.0,1158.0,1145.0,1152.0,404,0.34995625546807574,1136.0714285714287,1181.6416666666667,0.8209738231271958,0.9901128314104262
2024-03-05,1140.75,1147.0,1138.75,1147.0,1080,-0.5448997384481236,1137.1785714285713,1178.8583333333333,0.6608875587391626,0.9703342418488644
2024-03-06,1140.25,1140.25,1132.25,1138.5,287,-0.04383081306158498,1137.7857142857142,1175.55,0.6582967738423546,0.9304225070009196
2024-03-07,1157.0,1157.0,1151.0,1155.0,443,1.4689761017320668,1141.4642857142858,1172.775,0.8027110277708305,0.9819719689435369
2024-03-08,1170.5,1170.5,1145.5,1157.0,199,1.166810717372524,1146.6785714285713,1171.025,0.8608609422221878,0.9884206075294941
2024-03-11,1165.0,1170.75,1165.0,1170.0,42,-0.46988466467321466,1151.9285714285713,1169.55,0.8540124806475957,0.973084043137671
2024-03-12,1182.0,1182.0,1167.0,1167.0,73,1.4592274678111528,1157.5,1169.1416666666667,0.8805850651921215,0.9905316274640794
2024-03-13,1181.75,1182.75,1173.75,1178.25,24,-0.02115059221657889,1162.4642857142858,1167.9083333333333,0.9009199950132871,0.9093242031087527
2024-03-14,1180.75,1198.5,1180.75,1182.0,164064,-0.08462026655383648,1168.1785714285713,1166.525,0.8320046084519876,0.9064124548445276
2024-03-15,1198.25,1200.0,1183.5,1194.5,117888,1.4821088291340212,1176.4642857142858,1166.3583333333333,0.8660449869974529,0.909214756861884
2024-03-18,1187.75,1206.0,1186.75,1198.5,97550,-0.876277905278533,1180.857142857143,1166.3333333333333,0.9726061864596982,0.8952262995197638
2024-03-19,1185.5,1192.25,1181.0,1188.0,103620,-0.18943380340981086,1183.0,1165.975,0.9234646691644447,0.8872956970180527
2024-03-20,1209.5,1211.75,1183.5,1185.5,161255,2.0244622522142652,1189.357142857143,1166.3083333333334,1.093854372287996,0.9621434997799811
2024-03-21,1212.0,1226.75,1204.0,1209.0,150049,0.20669698222406385,1193.642857142857,1167.075,1.0186772752277413,0.9471145852042011
2024-03-22,1192.5,1211.25,1189.25,1211.0,121895,-1.6089108910891103,1195.1785714285713,1167.0416666666667,1.2653917162326447,0.9930547910743421
2024-03-25,1209.25,1210.0,1188.5,1194.0,106767,1.4046121593291439,1199.25,1167.9,1.3447619684557641,1.0118785100358838
2024-03-26,1199.0,1208.0,1197.75,1207.5,119009,-0.847632830266698,1199.357142857143,1168.1,1.305315372854091,1.0159014300224887
2024-03-27,1192.5,1198.0,1189.5,1196.75,104399,-0.5421184320266836,1200.0357142857142,1168.3083333333334,1.2729446918387815,1.0154382659265575
2024-03-28,1191.5,1199.5,1177.0,1191.75,160360,-0.08385744234801207,1200.892857142857,1169.0083333333334,1.2700642840344918,0.9832916698064529
2024-04-01,1185.75,1201.75,1181.5,1196.25,104397,-0.48258497691985314,1197.5,1169.7916666666667,0.9408521328204218,0.9781235862978189
2024-04-02,1174.0,1199.75,1171.0,1185.5,173481,-0.9909340080118123,1192.0714285714287,1169.85,0.946659904774122,0.985002934628028
2024-04-03,1182.25,1186.75,1168.5,1175.5,160346,0.7027257240204365,1190.607142857143,1169.9583333333333,0.8756191666129084,0.9877868982510415
2024-04-04,1180.0,1186.75,1170.25,1182.25,119935,-0.19031507718333396,1186.4285714285713,1170.6,0.5653099921029255,0.9438913332445353
2024-04-05,1185.0,1190.75,1173.0,1178.0,162613,0.4237288135593209,1184.4285714285713,1171.8416666666667,0.5819521826755764,0.9191489894797168
2024-04-08,1181.5,1193.25,1180.5,1187.75,159389,-0.2953586497890348,1182.857142857143,1173.4583333333333,0.5625352692854318,0.8844310928386411
2024-04-09,1174.5,1184.25,1172.0,1181.5,167029,-0.5924672027084243,1180.4285714285713,1174.7416666666666,0.5877228734964192,0.8941749872987941
2024-04-10,1164.75,1180.75,1163.0,1174.75,156535,-0.8301404853129024,1177.4285714285713,1175.8583333333333,0.6284866055505758,0.9057351035087318
2024-04-11,1159.25,1166.25,1151.0,1163.75,163734,-0.4722043356943595,1175.3214285714287,1176.7,0.553066802976978,0.9112711408777083
2024-04-12,1174.0,1179.75,1154.0,1158.5,160130,1.2723743799870624,1174.142857142857,1178.225,0.7208970594860956,0.9296412797175758
2024-04-15,1158.25,1176.0,1155.5,1173.25,134465,-1.3415672913117516,1171.0357142857142,1178.7333333333333,0.8628716343091318,0.9403594359668929
2024-04-16,1145.0,1163.0,1143.25,1157.25,148376,-1.1439671918843097,1165.3214285714287,1178.6666666666667,0.858593695761287,0.9631227656377995
2024-04-17,1149.5,1155.25,1141.75,1145.0,104230,0.3930131004366899,1160.75,1178.9583333333333,0.9212298645577378,0.9600881328806218
2024-04-18,1134.25,1149.75,1133.0,1149.0,109349,-1.3266637668551517,1155.0,1178.7583333333334,0.9877990353250096,0.991538723413413
2024-04-19,1150.5,1153.0,1131.75,1134.0,124590,1.4326647564469885,1152.9642857142858,1178.5416666666667,1.2052897688259996,0.9896879145999706
2024-04-22,1161.0,1167.0,1144.5,1147.75,107395,0.9126466753585305,1153.2142857142858,1178.225,1.2597433383742616,0.9802737385736648
2024-04-23,1167.5,1169.0,1158.0,1161.0,112266,0.5598621877691556,1152.2857142857142,1178.3083333333334,1.1679122205404504,0.9820960183532672
2024-04-24,1166.0,1177.5,1164.0,1166.5,92302,-0.12847965738758127,1153.392857142857,1177.775,1.030270724199533,0.9434248212178951
2024-04-25,1162.75,1166.5,1150.5,1164.75,106684,-0.2787307032590003,1155.9285714285713,1177.1416666666667,0.8998157050692503,0.9444083469176033
2024-04-26,1159.5,1164.0,1155.0,1162.25,78879,-0.279509782842402,1157.357142857143,1176.4333333333334,0.9144803192767903,0.9453265974261286
2024-04-29,1160.75,1171.75,1157.0,1158.5,58269,0.10780508840018133,1161.142857142857,1175.1833333333334,0.6595168680233658,0.900443411789297
2024-04-30,1145.5,1163.0,1141.0,1158.75,5743,-1.3138057290544958,1160.4285714285713,1173.775,0.7107713138071282,0.916810837215267
2024-05-01,1155.75,1156.25,1141.0,1145.0,3404,0.8948057616761318,1159.6785714285713,1172.7833333333333,0.7067226116862747,0.9350304945280824
2024-05-02,1190.0,1200.0,1155.75,1155.75,2408,2.9634436513086726,1162.892857142857,1172.1333333333334,1.3503583600729279,1.0197945047560986
2024-05-03,1201.75,1202.0,1193.0,1193.0,711,0.9873949579831898,1168.0,1171.7916666666667,1.359823104113201,1.03637489556921
2024-05-06,1234.75,1236.5,1197.0,1197.0,486,2.7459954233409523,1178.2857142857142,1173.2,1.559249080632208,1.109043926229875
2024-05-07,1232.25,1240.5,1230.0,1234.5,51,-0.20247013565498628,1188.6785714285713,1173.9666666666667,1.550008748491732,1.0834738146834089
2024-05-08,1212.75,1233.5,1211.25,1233.5,87,-1.582471089470483,1196.107142857143,1174.425,1.8021137177570448,1.1128077305321158
2024-05-09,1192.75,1218.0,1192.5,1216.5,66,-1.6491445062873589,1202.857142857143,1174.4333333333334,1.8660867944266528,1.1506243597461052
2024-05-10,1205.0,1205.0,1195.0,1196.75,82,1.0270383567386299,1209.892857142857,1174.8833333333334,1.8703046357586859,1.1653785903058826
2024-05-13,1205.5,1205.5,1205.5,1205.5,6,0.04149377593360981,1212.107142857143,1175.5416666666667,1.5582882275297358,1.1611316711838324
2024-05-14,1199.0,1199.0,1199.0,1199.0,115517,-0.5391953546246331,1211.7142857142858,1176.375,1.5356344041494057,1.1498866239296723
2024-05-15,1213.5,1232.25,1209.5,1215.0,124938,1.2093411175980062,1208.6785714285713,1177.4166666666667,1.1301934879052797,1.1630434948501023
2024-05-16,1216.25,1219.75,1210.0,1214.0,99241,0.22661722290893138,1206.392857142857,1178.625,1.1442562160234753,1.1620256760307652
2024-05-17,1228.0,1231.25,1215.25,1216.5,133101,0.9660842754367849,1208.5714285714287,1180.0583333333334,1.0230056775379464,1.171298637973172
2024-05-20,1248.0,1250.75,1224.0,1227.25,171388,1.6286644951140072,1216.4642857142858,1182.275,0.7611852437921943,1.199789303533722
2024-05-21,1236.25,1249.25,1230.0,1246.5,126275,-0.9415064102564097,1220.9285714285713,1184.3333333333333,0.9415595380673139,1.2092895952271694
2024-05-22,1246.25,1249.75,1233.25,1235.0,125072,0.8088978766430666,1226.75,1187.05,0.9415822348057722,1.1991557645650308
2024-05-23,1239.25,1258.25,1236.0,1245.75,136099,-0.561685055165495,1232.5,1189.7166666666667,0.9456683624084635,1.2010790713733484
2024-05-24,1248.0,1251.0,1236.0,1239.0,107257,0.7060722211014836,1237.4285714285713,1192.1833333333334,0.8986404332798233,1.1885100829089794
2024-05-28,1229.5,1254.75,1226.25,1250.25,140138,-1.4823717948717952,1239.3214285714287,1194.5583333333334,1.1516320968919131,1.195111352886229
2024-05-29,1214.0,1231.25,1212.5,1229.0,123723,-1.2606750711671388,1237.3214285714287,1196.8583333333333,1.1986365559626895,1.1998380330837712
2024-05-30,1209.75,1220.0,1207.25,1213.0,107751,-0.35008237232290185,1231.857142857143,1198.8666666666666,0.9044035626494874,1.2034273565760587
2024-05-31,1205.0,1223.75,1202.75,1209.75,106393,-0.39264310808018177,1227.392857142857,1201.225,0.8770770370557844,1.1749181030483913
2024-06-03,1184.5,1205.5,1182.5,1204.25,119994,-1.7012448132780134,1218.5714285714287,1202.3583333333333,0.8305748881716071,1.2013488257090157
2024-06-04,1179.0,1189.5,1176.0,1184.0,145530,-0.4643309413254526,1209.9642857142858,1202.9583333333333,0.834480886008376,1.195682124399356
2024-06-05,1177.25,1191.75,1175.25,1180.25,154196,-0.1484308736217188,1199.857142857143,1203.2833333333333,0.631133225622471,1.1924227159228513
2024-06-06,1200.0,1204.5,1176.0,1176.5,162161,1.9324697387980372,1195.642857142857,1204.4166666666667,1.1488962183832712,1.2410808861643443
2024-06-07,1179.25,1202.5,1174.25,1200.5,175688,-1.7291666666666705,1190.6785714285713,1204.9666666666667,1.222695161940128,1.2839851602179124
2024-06-10,1188.25,1190.75,1175.5,1179.25,139377,0.763196947212208,1187.607142857143,1205.925,1.3013054333645895,1.288724377961441
2024-06-11,1178.0,1193.0,1177.0,1188.25,160774,-0.8626130864716974,1183.75,1206.5,1.3219362238239754,1.30037963644554
2024-06-12,1177.25,1186.5,1171.0,1177.25,161099,-0.06366723259761953,1182.7142857142858,1207.5583333333334,1.1723115927553358,1.274703203715306
2024-06-13,1189.5,1191.25,1171.0,1177.0,149824,1.0405606285835534,1184.2142857142858,1208.6833333333334,1.22717134208014,1.2781142183877798
2024-06-14,1179.75,1189.0,1178.0,1188.75,132144,-0.8196721311475419,1184.5714285714287,1208.3416666666667,1.2780173622290605,1.1681443091205794
2024-06-17,1157.75,1179.0,1157.5,1179.0,138815,-1.8648018648018683,1178.5357142857142,1206.875,1.137717479635076,1.198802725504688
2024-06-18,1174.0,1175.75,1156.5,1158.25,148950,1.4035845389764656,1177.7857142857142,1204.85,1.190905820454348,1.1100047406214477
2024-06-20,1155.25,1175.75,1155.0,1173.0,146080,-1.597103918228282,1173.0714285714287,1202.2833333333333,1.2523246116686857,1.1405391520027108
2024-06-21,1160.5,1168.75,1156.0,1156.0,111374,0.4544470893745878,1170.5714285714287,1200.5416666666667,1.2691538449655326,1.1163008596157966
2024-06-24,1175.25,1179.5,1156.25,1160.5,88889,1.2710038776389432,1170.2857142857142,1199.9583333333333,1.388829657181428,1.1075094904475926
2024-06-25,1163.25,1180.0,1157.75,1175.0,83116,-1.02105934907466,1166.5357142857142,1198.5666666666666,1.3453462470575053,1.1023674904531462
2024-06-26,1162.75,1177.5,1160.0,1163.0,67870,-0.04298302170642199,1164.107142857143,1197.1416666666667,1.328275373453509,1.1020708122153515
2024-06-27,1152.25,1169.5,1150.75,1161.5,32512,-0.9030316061062083,1163.3214285714287,1195.5833333333333,1.1673038358481636,1.10888747023074
2024-06-28,1150.5,1167.0,1146.25,1152.0,4183,-0.15187676285528529,1159.9642857142858,1193.4833333333333,0.9737885158769071,1.0798086904581012
2024-07-01,1159.5,1161.75,1148.25,1148.25,1313,0.7822685788787531,1160.5714285714287,1191.5916666666667,0.8460957306869584,1.0915815855211555
2024-07-02,1165.0,1175.0,1159.25,1159.25,1375,0.47434238896075787,1161.2142857142858,1189.4916666666666,0.8476909819681769,1.0777966905331284
2024-07-03,1176.5,1180.25,1162.0,1162.25,924,0.9871244635193177,1161.392857142857,1187.1083333333333,0.7844400811257772,1.0468018631570482
2024-07-05,1188.5,1191.5,1172.25,1172.25,812,1.0199745006374883,1165.0,1185.5166666666667,0.709692151493523,1.0594994500108754
2024-07-08,1174.25,1181.75,1167.25,1181.75,985,-1.198990323937732,1166.642857142857,1183.1166666666666,0.9112394346893863,1.0618362590712773
2024-07-09,1161.5,1185.0,1160.0,1177.0,839,-1.0857994464551823,1167.9642857142858,1180.525,0.9481207648271631,1.072375668523593
2024-07-10,1141.25,1165.25,1135.75,1165.25,698,-1.7434352130865305,1166.642857142857,1176.9666666666667,1.1849271769331688,1.0932556875382764
2024-07-11,1142.75,1145.0,1137.0,1145.0,108,0.131434830230015,1164.25,1174.075,1.1274580485094585,1.0721553284910876
2024-07-12,1134.5,1134.5,1134.5,1134.5,41399,-0.721942682126453,1159.892857142857,1171.425,1.0981019754575696,1.0588656798224567
2024-07-15,1078.0,1101.0,1075.75,1100.0,35655,-4.980167474658437,1145.8214285714287,1167.0333333333333,1.8939817647302908,1.3701449825053578
2024-07-16,1090.5,1096.5,1076.75,1076.75,37408,1.1595547309833032,1131.8214285714287,1163.2166666666667,1.9220893854725918,1.398448054072689
2024-07-17,1097.25,1102.5,1090.0,1090.0,41677,0.6189821182943644,1120.8214285714287,1160.3083333333334,2.042202700214793,1.3836593543681912
2024-07-18,1098.5,1101.0,1089.0,1097.5,35569,0.11392116655275508,1111.8214285714287,1157.625,2.0785253917599658,1.384530867802668
2024-07-19,1097.25,1107.75,1095.0,1098.0,25658,-0.1137915339098794,1105.5357142857142,1154.9583333333333,2.0428732565858594,1.3846122835849315
2024-07-22,1117.75,1119.75,1100.5,1100.5,40798,1.868307131465019,1101.9642857142858,1152.2166666666667,2.2347298111418934,1.3812103358580443
2024-07-23,1117.5,1129.0,1111.0,1116.5,51623,-0.02236636099306466,1099.5357142857142,1150.1583333333333,2.2280135484674326,1.3520475104445455
2024-07-24,1111.0,1123.25,1104.5,1115.25,34547,-0.5816554809843444,1104.25,1147.5833333333333,0.8426381026270381,1.3422940399665904
2024-07-25,1116.0,1120.5,1103.5,1111.0,38157,0.4500450045004545,1107.892857142857,1145.5166666666667,0.7813610508281714,1.3418495192531017
2024-07-26,1077.5,1117.25,1071.5,1113.25,61437,-3.4498207885304666,1105.0714285714287,1142.1916666666666,1.60877356852554,1.46889184744005
2024-07-29,1054.75,1073.75,1030.75,1073.75,37618,-2.1113689095127564,1098.8214285714287,1137.7,1.7398783929091997,1.483526742087523
2024-07-30,1027.25,1059.0,1023.75,1054.75,16709,-2.6072529035316427,1088.8214285714287,1132.6166666666666,1.8814024089863743,1.5363724374419048
2024-07-31,1028.5,1048.5,1020.5,1027.25,2651,0.12168410805548646,1076.0714285714287,1128.3083333333334,1.533277730357669,1.515908930723336
2024-08-01,1022.0,1034.0,1019.5,1030.0,1384,-0.6319883325230924,1062.4285714285713,1123.2416666666666,1.4732659887580577,1.4782948329653487
2024-08-02,1029.25,1031.5,1019.0,1022.0,633,0.7093933463796498,1050.75,1119.0416666666667,1.6431556377559433,1.4765769177309083
2024-08-05,1044.25,1045.0,1021.5,1040.0,64,1.4573718727228568,1040.5,1115.1666666666667,1.832134978107206,1.5070085964740625
2024-08-06,1028.5,1038.25,1028.5,1033.0,694,-1.508259516399335,1033.5,1110.275,1.5048684941697534,1.4898831147089235
2024-08-07,1020.25,1023.25,1017.25,1020.75,195,-0.8021390374331583,1028.5714285714287,1105.5083333333334,1.3685814963045013,1.4874361850938145
2024-08-08,1009.75,1023.25,1009.75,1023.25,172,-1.0291595197255532,1026.0714285714287,1100.4083333333333,1.0499319916833414,1.4895886938866838
2024-08-09,1028.0,1028.0,1014.5,1018.0,24,1.8073780638772075,1026.0,1096.2666666666667,1.3083474673132978,1.542925217926837
2024-08-12,1012.0,1038.25,1012.0,1020.5,12,-1.5564202334630295,1024.5714285714287,1091.65,1.4243289127105063,1.5573847384691093
2024-08-13,989.0,1003.0,989.0,1003.0,19,-2.2727272727272707,1018.8214285714286,1085.9666666666667,1.5694190786686484,1.576180886957199
2024-08-14,979.75,989.75,979.75,989.5,15972,-0.9352881698685533,1009.6071428571429,1079.7916666666667,1.2937442995996509,1.5666036032740265
2024-08-15,951.5,961.0,950.5,951.75,15039,-2.8833886195458014,998.6071428571429,1072.2916666666667,1.490955304662701,1.5936363046910502
2024-08-16,938.75,952.5,936.25,950.5,17420,-1.3399894902785037,986.9642857142857,1063.9666666666667,1.487143570138641,1.5641588124111818
2024-08-19,956.25,957.5,938.0,938.0,15833,1.8641810918774926,979.3214285714286,1056.7,1.8830948149585502,1.6337078227917377
2024-08-20,957.25,966.25,950.75,955.25,13630,0.10457516339870132,969.2142857142857,1049.8916666666667,1.5821893633032524,1.637690484166574
2024-08-21,963.0,966.0,955.5,957.0,12788,0.6006790284669661,962.2142857142857,1043.95,1.6643081180296906,1.6386295334012817
2024-08-22,941.25,963.0,940.0,962.0,17660,-2.258566978193144,955.3928571428571,1037.2333333333333,1.6620773381296672,1.6622184135339715
2024-08-23,952.0,954.0,941.25,941.75,16814,1.1420982735723673,951.4285714285714,1031.15,1.7919023009751405,1.6932517610899567
2024-08-26,959.75,961.25,939.25,943.5,18427,0.814075630252109,952.6071428571429,1027.2083333333333,1.4484446475168746,1.491121537546419
2024-08-27,967.5,971.75,957.0,959.0,13636,0.8075019536337491,956.7142857142857,1023.1083333333333,1.304914498218958,1.4799658217927383
2024-08-28,958.5,969.5,953.5,968.25,10273,-0.9302325581395321,957.0357142857143,1018.4833333333333,1.2210763849410504,1.4706358083702984
2024-08-29,973.75,975.0,957.0,957.25,10556,1.5910276473656726,959.3928571428571,1014.325,1.3559730759942163,1.5138805874232781
2024-08-30,982.0,987.5,971.5,974.5,2055,0.8472400513478862,962.1071428571429,1010.4833333333333,1.369662061071258,1.5300060208570483
2024-09-03,997.0,1007.5,978.75,978.75,518,1.527494908350313,970.0714285714286,1006.4583333333334,0.8428648112940754,1.514089258983731
2024-09-04,1006.0,1006.0,987.5,987.5,382,0.9027081243731194,977.7857142857143,1002.7416666666667,0.8328147641029784,1.5307249352629249
2024-09-05,1008.25,1008.25,999.5,999.5,309,0.22365805168986785,984.7142857142857,999.3166666666667,0.8599299204182222,1.5333701908375588
2024-09-06,989.25,1008.0,989.25,1008.0,122,-1.8844532606000497,987.8214285714286,995.0916666666667,1.2989010214020744,1.552506230631291
2024-09-09,1000.0,1000.25,1000.0,1000.25,122,1.086681829668934,993.75,992.5083333333333,1.1933755362059268,1.462449891156305
2024-09-10,977.5,981.75,977.5,980.25,59,-2.2499999999999964,994.2857142857143,989.9333333333333,1.5100300500141697,1.4687784149564522
2024-09-11,979.75,979.75,978.25,978.25,25,0.23017902813298186,993.9642857142857,988.35,1.4743269507285806,1.4010628845907254
2024-09-12,991.5,991.5,987.5,987.5,4,1.1992855320234863,993.1785714285714,987.1166666666667,1.4210408338740603,1.4218785151162183
2024-09-13,986.75,986.75,986.75,986.75,120065,-0.47907211296016605,990.4285714285714,985.9416666666667,1.3579270669256676,1.4202241648735938
2024-09-16,1004.5,1012.0,999.0,1005.0,79098,1.7988345578920706,989.8928571428571,985.1166666666667,1.5672902750015143,1.4553173710404366
2024-09-17,1006.0,1011.0,1002.0,1003.75,80303,0.1493280238924921,992.2857142857143,983.8416666666667,1.3411506701933305,1.4272781186079522
2024-09-18,1014.0,1022.0,1006.25,1007.0,147447,0.7952286282306265,994.2857142857143,983.3583333333333,1.3150401855083875,1.4115825250579372
2024-09-19,1013.25,1018.25,1006.75,1015.0,116585,-0.07396449704142327,999.3928571428571,983.125,0.7900287017591463,1.4042249252033974
2024-09-20,1012.0,1019.0,1001.25,1012.5,128091,-0.12336540833950416,1004.0,983.2,0.8220807128992941,1.3913092802039173
2024-09-23,1039.25,1041.75,1012.0,1012.0,220319,2.6926877470355715,1010.8214285714286,983.575,1.1658258666597694,1.4391633464267473
2024-09-24,1042.25,1058.25,1032.75,1037.0,206134,0.28866971373586736,1018.75,984.5833333333334,1.0708608587517807,1.407381681980651
2024-09-25,1053.25,1054.5,1031.25,1042.0,175631,1.055408970976246,1025.7142857142858,986.725,0.9877288630712777,1.3429582371383906
2024-09-26,1041.0,1064.75,1039.75,1051.75,191090,-1.1630666983147409,1030.7142857142858,988.7666666666667,1.2063632950386043,1.3503315404643492
2024-09-27,1065.75,1069.5,1034.25,1039.75,237043,2.3775216138328448,1038.107142857143,992.575,1.4038623685321485,1.2740453593760397
2024-09-30,1057.0,1069.75,1052.0,1060.25,167653,-0.8210180623973717,1044.357142857143,996.5166666666667,1.4995872978777411,1.2531459046077977
2024-10-01,1057.25,1065.5,1045.0,1055.75,165015,0.023651844843897152,1050.8214285714287,999.8833333333333,1.4885068930285774,1.223898649364336
2024-10-02,1056.0,1063.75,1042.5,1055.0,158797,-0.11823126034523623,1053.2142857142858,1003.175,1.1906269064431179,1.226066270697536
2024-10-03,1046.0,1056.25,1041.75,1053.75,126126,-0.9469696969697017,1053.75,1005.9416666666667,1.2702285170183536,1.2468877429776375
2024-10-04,1037.75,1055.25,1036.25,1045.0,136658,-0.7887189292543062,1051.5357142857142,1009.1583333333333,1.2191420998951321,1.170068382644781
2024-10-07,1034.0,1039.0,1026.5,1033.5,170260,-0.3613587087448855,1050.5357142857142,1011.8916666666667,1.1498551409503293,1.1663870506576695
2024-10-08,1016.25,1039.5,1011.5,1032.5,215735,-1.7166344294003877,1043.4642857142858,1013.775,0.5901549434049844,1.2170210457705213
2024-10-09,1020.25,1027.25,1011.5,1015.0,185293,0.39360393603935506,1038.2142857142858,1015.5333333333333,0.7072266493809968,1.2122097954307889
2024-10-10,1014.75,1025.5,1011.75,1019.75,158953,-0.5390835579514808,1032.142857142857,1017.4083333333333,0.6684232845294984,1.2018692491247474
2024-10-11,1005.5,1023.75,1004.0,1014.5,213825,-0.9115545700911554,1024.9285714285713,1018.4666666666667,0.643374575357155,1.1885695664216513
2024-10-14,996.0,1008.5,995.5,1002.0,165943,-0.9448035803083066,1017.7857142857143,1018.9333333333333,0.6432341503548443,1.195450763282131
2024-10-15,991.0,996.0,981.0,995.0,239187,-0.5020080321285092,1011.1071428571429,1018.7333333333333,0.6454341153041759,1.1662641971491028
2024-10-16,980.0,1001.5,978.25,991.0,247535,-1.1099899091826404,1003.3928571428571,1017.8666666666667,0.6507577416106072,1.169623653482802
2024-10-17,988.75,991.25,968.25,978.75,236377,0.8928571428571397,999.4642857142857,1017.2166666666667,0.7519673429413376,1.1819439393019293
2024-10-18,970.0,995.5,969.25,989.5,229536,-1.896333754740831,992.2857142857143,1016.575,0.8470066526187668,1.1825787043705642
2024-10-21,981.0,983.75,969.0,970.0,184725,1.134020618556697,987.4642857142857,1015.9416666666667,1.1026773192205794,1.1841902733995635
2024-10-22,991.75,997.0,976.75,980.5,185249,1.0958205912334318,985.5,1016.4166666666666,1.2250155460437293,1.1267068178530648
2024-10-23,997.5,999.75,985.0,992.0,157963,0.5797832114948331,985.7142857142857,1017.0083333333333,1.2038102336561833,1.1303899168421896
2024-10-24,996.25,1012.25,994.25,997.5,190684,-0.12531328320801727,986.4642857142857,1017.1666666666666,1.1844463382126225,1.1102886474789642
2024-10-25,987.75,996.25,984.0,996.25,143812,-0.8531994981179403,987.5714285714286,1017.2,1.1447014344902018,1.1181823184186988
2024-10-28,974.0,985.5,973.5,984.0,109011,-1.3920526449000215,985.4642857142857,1016.1833333333333,1.2108633730883651,1.0935891350819626
2024-10-29,965.25,980.5,965.0,974.75,82001,-0.8983572895277181,984.7857142857143,1014.825,1.023176986527537,1.1021475979058097
2024-10-30,976.5,979.0,963.75,965.0,57700,1.1655011655011593,984.1428571428571,1013.575,1.0293789903720858,1.1148876091405227
2024-10-31,982.5,985.5,975.5,977.5,7820,0.6144393241167334,982.8214285714286,1012.55,0.9524087511002551,1.1229137368623439
2024-11-01,982.5,997.25,978.25,984.25,3051,0.0,980.6785714285714,1011.5666666666667,0.9044071564842319,1.123038231196503
2024-11-04,987.25,995.0,982.5,990.0,1524,0.48346055979644476,979.3928571428571,1009.8333333333334,0.942672403417431,0.9997765532788999
2024-11-05,993.75,996.75,991.0,992.25,629,0.6583945302608196,980.25,1008.2166666666667,0.9211453753842116,1.0078225807255317
2024-11-06,994.5,997.5,973.0,991.75,391,0.07547169811321641,983.1785714285714,1006.2583333333333,0.6565746662714402,0.9828501685647083
2024-11-07,1015.5,1015.5,989.75,997.0,545,2.111613876319751,990.3571428571429,1005.4083333333333,0.723312818013426,1.050186374763662
2024-11-08,1016.75,1030.0,1006.0,1015.0,427,0.12309207287051205,996.1071428571429,1003.775,0.7259706578562061,0.9437337943693574
2024-11-11,1011.75,1025.75,1011.0,1020.75,212,-0.4917629702483439,1000.2857142857143,1002.2666666666667,0.8303537186439562,0.9375852387344934
2024-11-12,1003.5,1011.75,998.75,1011.75,209,-0.815418828762049,1003.2857142857143,1000.475,0.9483774756970652,0.9449750720832322
2024-11-13,1004.25,1004.25,999.0,1001.25,86,0.07473841554559435,1005.7142857142857,998.75,0.948241951146569,0.945992000514573
2024-11-14,985.75,990.25,985.75,990.25,152378,-1.842170774209606,1004.5714285714286,996.7416666666667,1.204311561401214,0.9848923054814607
2024-11-15,998.5,1005.25,987.25,988.0,140153,1.2934313974131362,1005.1428571428571,995.4333333333333,1.3180518421818102,1.014377642536961
2024-11-18,1009.75,1011.5,989.5,1002.5,107221,1.1266900350525688,1004.3214285714286,994.625,1.0972027767729517,1.0384399613460695
2024-11-19,998.5,1012.75,995.25,1009.75,114559,-1.1141371626640306,1001.7142857142857,994.0333333333333,1.157781642027369,1.011037982727539
2024-11-20,990.5,1001.5,985.25,998.5,110520,-0.8012018027040546,998.6785714285714,993.0416666666666,1.174223010861765,1.0163261839124316
2024-11-21,977.75,998.75,976.25,991.0,145233,-1.2872286723876858,995.0,991.8083333333333,1.221537126548051,1.0366105451281487
2024-11-22,983.5,985.25,975.25,980.75,113875,0.5880848887752421,992.0357142857143,991.075,1.2668544447753458,1.033203350376785
2024-11-25,985.75,993.25,983.0,987.5,100522,0.22877478393492634,992.0357142857143,990.7333333333333,1.0708712473303688,1.0210279478765036
2024-11-26,983.5,991.25,976.75,980.0,131739,-0.2282525995434992,989.8928571428571,990.4833333333333,0.9077351661123632,1.0178772406244538
2024-11-27,988.75,994.25,983.25,984.0,134095,0.5338078291814874,986.8928571428571,990.775,0.7807333595308326,1.0013046217830592
2024-11-29,989.5,998.0,982.75,993.25,77392,0.07585335018962525,985.6071428571429,990.8,0.6984111853315919,0.9881779880015292
2024-12-02,985.25,990.5,977.5,989.5,124010,-0.42950985346134063,984.8571428571429,991.3083333333333,0.6511554158817119,0.9250122184588228
2024-12-03,991.75,999.0,983.5,985.0,135065,0.6597310327328021,986.8571428571429,991.6666666666666,0.42213693354397963,0.909884099231987
2024-12-04,983.75,992.0,980.5,991.5,113543,-0.8066549029493331,986.8928571428571,991.4,0.5268451452866824,0.900028396931621
2024-12-05,993.75,994.75,982.25,983.5,109222,1.016518424396451,988.0357142857143,991.275,0.6519358419453231,0.913546424546092
2024-12-06,993.75,997.5,987.75,993.0,150604,0.0,989.5,991.1916666666667,0.6373128935014297,0.9132804451190585
2024-12-09,990.0,1003.5,985.75,992.25,155123,-0.37735849056603765,989.6785714285714,991.2666666666667,0.6388968722009268,0.9020931862844054
2024-12-10,994.75,1000.0,988.5,990.0,162231,0.4797979797979801,990.4285714285714,991.9583333333334,0.6626064218492637,0.8656645469601872
2024-12-11,995.5,1001.0,988.0,994.0,177510,0.075395828097502,991.8928571428571,992.9666666666667,0.6246074811099438,0.8459837577284056
2024-12-12,995.75,998.25,988.5,995.0,178084,0.025113008538424353,992.4642857142857,993.6083333333333,0.5828918942740013,0.8220340937241378
2024-12-13,988.25,995.0,986.0,994.25,97052,-0.753201104694956,993.1071428571429,993.8,0.569866164486388,0.8286021790122187
2024-12-16,982.0,993.5,981.0,987.5,126195,-0.6324310650139164,991.4285714285714,993.7833333333333,0.4371082109584364,0.8372018679735564
2024-12-17,976.75,986.25,970.5,982.5,170736,-0.5346232179226029,989.0,993.4333333333333,0.4492062344730922,0.8376337210577511
2024-12-18,951.75,977.5,950.25,976.75,171410,-2.5595085743537194,983.5357142857143,992.0333333333333,0.9889772569808626,0.9452635526767882
2024-12-19,963.0,964.75,945.25,950.25,170407,1.1820330969267046,979.0,990.9833333333333,1.1363234673122489,0.9750617800852026
2024-12-20,974.5,977.5,960.0,962.5,110119,1.1941848390446541,976.0,989.6166666666667,1.2917024399584713,0.9158079678303711
2024-12-23,969.5,979.25,968.0,974.5,73622,-0.5130836326321164,972.25,988.0416666666666,1.2853413500325064,0.9170332420896425
2024-12-24,975.25,975.75,966.0,968.25,28802,0.5930892212480554,970.3928571428571,986.825,1.3193828771018754,0.9246299050979601
2024-12-26,988.0,989.75,975.0,979.0,70637,1.3073570879261753,971.25,986.3083333333333,1.4095126161123297,0.9503063721384016
2024-12-27,980.0,989.25,979.25,986.5,56059,-0.8097165991902799,971.7142857142857,985.5,1.43364223670958,0.9600530606535016
2024-12-30,982.0,994.75,974.75,983.5,39468,0.20408163265306367,976.0357142857143,985.375,0.8583027874038408,0.9012033122793778
2024-12-31,998.25,999.5,980.0,980.5,5238,1.6547861507128392,981.0714285714286,985.3666666666667,0.9401008904234536,0.9213967958970104
2025-01-02,999.5,1004.0,990.75,996.5,1299,0.1252191334836006,984.6428571428571,985.025,0.8979590703013198,0.8971136979088147
2025-01-03,981.0,1002.25,978.75,1002.25,912,-1.8509254627313676,986.2857142857143,984.4416666666667,1.2058304665934432,0.9370118735693226
2025-01-06,992.5,997.5,982.75,982.75,598,1.1722731906218087,988.75,984.5083333333333,1.2580526874344775,0.9519485545275261
2025-01-07,992.25,993.25,982.5,991.0,265,-0.025188916876572875,989.3571428571429,984.9916666666667,1.1705015353875525,0.9199417604002134
2025-01-08,987.5,994.0,985.75,994.0,308,-0.47871000251952234,990.4285714285714,985.125,1.1353276815942686,0.9191705161326227
2025-01-09,992.25,992.25,980.5,982.75,168,0.4810126582278418,991.8928571428571,985.3416666666667,1.1437629178166808,0.9223167992734643
2025-01-10,1013.5,1018.5,992.0,992.0,435,2.141597379692617,994.0714285714286,986.3416666666667,1.2591945839885412,0.9981553580261024
2025-01-13,1041.5,1044.0,1021.5,1022.0,202,2.7627035027133706,1000.0714285714286,988.1,1.5788695586312398,1.1080719869545848
2025-01-14,1043.0,1049.0,1035.0,1043.0,220603,0.1440230436869916,1008.9285714285714,989.8833333333333,1.1963648908574778,1.1079223624099965
2025-01-15,1042.75,1054.0,1039.75,1046.0,139448,-0.023969319271333056,1016.1071428571429,991.8,1.2334187958225065,1.1026705531528664
2025-01-16,1019.0,1042.75,1018.5,1042.0,162099,-2.2776312634859797,1019.9285714285714,992.7083333333334,1.6737600271230393,1.1871671538243198
2025-01-17,1034.0,1039.0,1019.0,1019.0,189419,1.4720314033366044,1026.5714285714287,994.3833333333333,1.6668702707335417,1.200168222596611
2025-01-21,1067.25,1068.0,1039.0,1045.0,215089,3.215667311411985,1037.2857142857142,996.8333333333334,1.9165715723514019,1.3151122626933633
2025-01-22,1056.0,1073.5,1051.75,1066.0,214743,-1.054111033028815,1043.357142857143,998.9083333333333,1.9955502282446427,1.3358428459485738
2025-01-23,1065.5,1076.25,1047.75,1055.0,148819,0.8996212121212155,1046.7857142857142,1001.425,1.7715600655660737,1.336782566187901
2025-01-24,1055.75,1063.0,1046.75,1051.0,177241,-0.9150633505396577,1048.607142857143,1003.4583333333334,1.8351097966211558,1.352815985134044
2025-01-27,1045.0,1051.0,1040.0,1050.0,127356,-1.0182334833057083,1048.9285714285713,1005.1083333333333,1.8918583366290067,1.3711071330433762
2025-01-28,1045.0,1050.75,1041.0,1042.75,129003,0.0,1052.642857142857,1006.75,1.5987678853527238,1.3712069012848653
2025-01-29,1060.5,1061.75,1044.5,1045.0,128051,1.483253588516753,1056.4285714285713,1009.1583333333333,1.6000605755894066,1.3800445194675328
2025-01-30,1044.0,1060.5,1042.0,1060.0,135406,-1.555869872701554,1053.107142857143,1011.225,1.1364138071223295,1.4102500885647298
2025-01-31,1042.0,1052.0,1034.0,1042.75,154522,-0.19157088122605526,1051.107142857143,1013.4,1.087833853463943,1.4053538868297513
2025-02-03,1058.25,1060.25,1031.75,1032.0,164396,1.5595009596929055,1050.0714285714287,1016.95,1.2182986241214857,1.322678347019722
2025-02-04,1075.0,1077.25,1048.25,1057.5,182908,1.582801795416966,1052.8214285714287,1020.6833333333333,1.2998339601119517,1.3332216696080625
2025-02-05,1057.0,1079.75,1053.0,1073.5,166300,-1.6744186046511622,1054.5357142857142,1023.4333333333333,1.425451409533649,1.3747381957527023
2025-02-06,1060.5,1066.5,1049.75,1057.25,129164,0.3311258278145601,1056.75,1026.4666666666667,1.424287690319296,1.3665528179447113
2025-02-07,1049.5,1063.75,1047.5,1060.5,154226,-1.0372465818010324,1055.1785714285713,1028.9416666666666,1.369010799468226,1.3871074576426894
2025-02-10,1049.5,1052.25,1043.0,1046.5,128319,0.0,1055.9642857142858,1030.9916666666666,1.2190680166152836,1.3733461715627608
2025-02-11,1043.5,1057.0,1041.5,1049.0,149758,-0.5717008099094811,1056.1785714285713,1033.1083333333333,1.241517115658781,1.3679255234180263
2025-02-12,1027.75,1047.0,1024.5,1043.5,171577,-1.5093435553426016,1051.8214285714287,1034.6333333333334,1.148586925876884,1.4038465415458965
2025-02-13,1030.0,1032.5,1024.0,1028.5,147392,0.21892483580636668,1045.392857142857,1035.6916666666666,0.8236746609319232,1.3753634864433977
2025-02-14,1036.0,1046.75,1029.5,1030.0,120772,0.5825242718446644,1042.392857142857,1036.9083333333333,0.7761498717622662,1.3780291875999677
2025-02-18,1038.5,1041.75,1026.0,1033.0,123334,0.24131274131273805,1039.25,1038.825,0.7649544322394057,1.3263578376530012
2025-02-19,1031.75,1047.75,1029.25,1037.0,133961,-0.6499759268175254,1036.7142857142858,1040.1333333333334,0.7148133956811974,1.3219441986089926
2025-02-20,1045.5,1046.0,1031.75,1032.25,112590,1.3326871819723696,1036.142857142857,1041.9083333333333,0.9337127060319366,1.3393046446341421
2025-02-21,1039.5,1049.25,1036.5,1043.75,115932,-0.5738880918220945,1035.5714285714287,1043.6416666666667,0.9339164253273385,1.341037869821295
2025-02-24,1029.0,1043.0,1027.0,1038.25,101531,-1.0101010101010055,1035.75,1044.8666666666666,0.8155581114000158,1.3570288447399064
2025-02-25,1031.25,1035.0,1019.5,1029.0,117588,0.21865889212828726,1035.9285714285713,1045.4583333333333,0.8155473178792038,1.3030860918322686
2025-02-26,1024.5,1032.75,1021.25,1030.0,74754,-0.6545454545454521,1034.2857142857142,1044.8916666666667,0.8073715466003928,1.2048906185243928
2025-02-27,1022.75,1034.0,1021.0,1024.0,37040,-0.170815031722793,1032.0357142857142,1044.2166666666667,0.7883249365448092,1.2045328318918598
2025-02-28,1011.5,1031.5,1011.0,1023.25,1982,-1.0999755560987534,1029.142857142857,1043.175,0.8459120636950309,1.2194020405417338
2025-03-03,998.25,1014.5,995.25,1012.0,2052,-1.3099357390014776,1022.3928571428571,1042.4833333333333,0.5411870151331051,1.1715116983424883
2025-03-04,984.0,1000.25,978.0,995.25,928,-1.427498121713,1014.4642857142857,1040.8166666666666,0.6109523306562479,1.1601440860660106
2025-03-05,997.75,998.75,983.25,991.0,276,1.3973577235772305,1010.0,1038.5,1.007931528638084,1.0163692129827306
2025-03-06,1014.0,1019.25,999.0,999.0,416,1.6286644951140072,1007.5357142857143,1037.1,1.2677859167264829,1.0575654531333545
2025-03-07,1010.25,1015.0,1010.0,1011.0,112,-0.36982248520710526,1005.5,1035.2583333333334,1.2565556860401843,1.0402105844608178
2025-03-10,999.75,1013.0,999.75,1013.0,89,-1.0393466963622866,1002.2142857142857,1033.3916666666667,1.2962372167252925,1.0435137849432925
2025-03-11,997.75,1006.25,997.0,998.0,66,-0.20005001250312793,1000.25,1031.8166666666666,1.2494476878810254,1.0313704365590937
2025-03-12,987.5,997.5,982.75,997.5,39,-1.0273114507642234,998.7142857142857,1029.9,1.2111553760504448,1.0432397130856579
2025-03-13,996.75,999.25,996.75,999.25,33,0.9367088607594942,1000.5357142857143,1027.775,1.1212880211131009,1.0175913605298466
2025-03-14,999.25,999.25,999.25,999.25,101125,0.25081514923501746,1000.75,1026.2833333333333,0.991687772128905,0.9876917998626983
2025-03-17,1015.5,1021.75,1010.25,1016.25,80925,1.6262196647485627,1000.9642857142857,1025.4,0.9910293323917865,1.0389262266206274
2025-03-18,1012.75,1021.75,1011.25,1015.0,100675,-0.27080256031511984,1001.3214285714286,1023.8833333333333,0.9851383887214049,0.9919705252044086
2025-03-19,1008.25,1016.0,1006.5,1012.0,124450,-0.44433473216489716,1002.5357142857143,1021.6583333333333,0.8983911627696873,0.9380305655143257
2025-03-20,1013.0,1014.5,1004.0,1009.0,117385,0.471113315150018,1004.7142857142857,1020.1916666666667,0.8937883440113293,0.9036262600511965
2025-03-21,1009.75,1016.75,1004.25,1013.5,101376,-0.3208292201382079,1007.8928571428571,1018.5,0.7591736137675467,0.8997942448756985
2025-03-24,1007.25,1011.5,1003.25,1010.0,88648,-0.24758603614756236,1009.3928571428571,1017.0916666666667,0.7305859406870931,0.8846520009149759
2025-03-25,1001.75,1007.75,998.25,1007.0,99523,-0.5460412012906479,1009.75,1015.5,0.7734614996133775,0.8874321029331994
2025-03-26,1001.0,1008.75,997.5,1002.75,103851,-0.0748689792862467,1007.6785714285714,1014.0833333333334,0.3334699084188358,0.8839451226563054
2025-03-27,1016.75,1017.75,999.75,1001.0,111192,1.573426573426584,1008.25,1013.7166666666667,0.7459816166308283,0.8977155383366697
2025-03-28,1023.0,1023.5,1009.0,1015.0,120885,0.6147037128104271,1010.3571428571429,1013.4833333333333,0.7342581918188585,0.9044130391449298
2025-03-31,1014.75,1031.5,1013.25,1023.0,160036,-0.8064516129032251,1010.6071428571429,1012.775,0.8130812742007135,0.9081140769057403
2025-04-01,1034.25,1034.75,1010.5,1014.75,167012,1.921655580192172,1014.1071428571429,1012.6333333333333,1.0578911369412987,0.9768810321468134
2025-04-02,1029.5,1033.0,1024.5,1032.0,129992,-0.4592700024172114,1017.2857142857143,1012.5583333333333,1.0805316867272023,0.9731801441469091
2025-04-03,1011.5,1020.25,1005.25,1011.0,169499,-1.748421563865954,1018.6785714285714,1011.425,1.3115712165164193,0.98982856300498
2025-04-04,977.0,1012.75,970.25,1011.0,269757,-3.410776075135935,1015.25,1009.3416666666667,1.885570857134222,1.1574453781053897
2025-04-07,983.0,993.5,969.5,971.75,272593,0.61412487205732,1010.4285714285714,1007.8083333333333,1.754410210835005,1.1562313103446897
2025-04-08,992.75,1002.25,982.5,983.25,216115,0.991861648016279,1006.1071428571429,1006.525,1.798434042750888,1.1731307023413684
2025-04-09,1012.75,1015.5,987.5,989.0,205523,2.014605892722243,1005.8214285714286,1006.1333333333333,2.0005335277842438,1.230986702647354
2025-04-10,1029.0,1029.5,1010.75,1015.25,192962,1.6045420883732397,1005.0714285714286,1006.3416666666667,1.9524911383864676,1.2662086634658283
2025-04-11,1042.75,1044.5,1021.75,1026.5,191945,1.3362487852283778,1006.9642857142857,1007.3833333333333,2.0078673751843534,1.2694852474290605
2025-04-14,1041.75,1049.5,1036.75,1040.75,117322,-0.09590026372572336,1011.2857142857143,1008.8333333333334,1.8298109515246743,1.241730755421214
2025-04-15,1036.0,1041.25,1030.75,1040.5,126985,-0.5519558435325145,1019.7142857142857,1010.5666666666667,0.9217607960513068,1.2133464116226695
2025-04-16,1038.75,1045.75,1028.0,1035.25,113594,0.2654440154440163,1027.6785714285713,1011.9333333333333,0.9454209418842315,1.191555279023493
2025-04-17,1036.5,1045.25,1032.0,1038.0,88269,-0.21660649819494893,1033.9285714285713,1012.6833333333333,1.011503566254094,1.1593151151740582
2025-04-21,1029.5,1043.75,1029.0,1039.75,56324,-0.6753497346840276,1036.3214285714287,1013.325,0.8991417434535133,1.1647295758232208
2025-04-22,1035.0,1039.5,1030.0,1030.75,78848,0.5342399222923788,1037.1785714285713,1014.5,0.6961244793518785,1.1483886468853113
2025-04-23,1040.25,1046.0,1034.25,1037.5,105262,0.5072463768115876,1036.8214285714287,1015.9166666666666,0.48687639430577073,1.1488098920855496
2025-04-24,1053.0,1055.0,1039.0,1042.0,95258,1.2256669069935056,1038.4285714285713,1018.1,0.6774686500703553,1.1431206498693722
2025-04-25,1049.75,1058.0,1046.75,1053.0,80595,-0.30864197530864335,1040.392857142857,1019.8666666666667,0.6403444887681727,1.1388246659397596
2025-04-28,1052.0,1054.0,1041.5,1049.5,69123,0.214336746844479,1042.2857142857142,1021.625,0.6396356928195654,1.1387649662866508
2025-04-29,1041.0,1052.75,1034.75,1051.5,38351,-1.0456273764258506,1042.9285714285713,1022.475,0.7859638373007799,1.125998731333042
2025-04-30,1034.75,1042.5,1028.25,1040.5,3242,-0.6003842459173847,1043.6785714285713,1023.2083333333334,0.7746308342547545,1.1312245391049378
2025-05-01,1040.25,1043.0,1027.0,1034.5,2080,0.5315293549166489,1044.4285714285713,1024.275,0.7743637920370134,1.1297201437371291
2025-05-02,1048.75,1051.5,1039.5,1039.5,1388,0.8171112713290185,1045.642857142857,1025.4666666666667,0.8111811031032894,1.1352820691554877
2025-05-05,1038.0,1046.5,1037.0,1044.5,682,-1.02502979737783,1043.5,1026.4083333333333,0.7426479711689267,1.151910755502951
2025-05-06,1034.75,1038.0,1030.0,1038.0,282,-0.3131021194604955,1041.357142857143,1027.325,0.742756233491338,1.1526513043512816
2025-05-07,1030.5,1045.0,1030.0,1038.0,204,-0.41072722879922363,1038.2857142857142,1028.2833333333333,0.7214865330078719,1.1503135416991186
2025-05-08,1036.75,1039.0,1029.0,1030.0,61,0.6065016982047533,1037.6785714285713,1029.475,0.7040037602392628,1.1534480834289529
2025-05-09,1044.0,1048.0,1036.5,1036.5,53,0.6993006993007089,1039.0,1030.3833333333334,0.7079690845075173,1.126278913322233
2025-05-12,1066.0,1066.0,1046.0,1046.0,75,2.1072796934865856,1042.6785714285713,1031.8166666666666,1.0330380744779635,1.1816622237309007
2025-05-13,1067.25,1071.0,1067.25,1069.0,31,0.11726078799250139,1045.3214285714287,1033.5666666666666,1.014501189898926,1.1679948249248144
2025-05-14,1067.0,1075.0,1048.25,1075.0,124910,-0.023424689622864037,1049.4642857142858,1034.6583333333333,0.8633278788609677,1.1207176429372088
2025-05-15,1051.25,1073.25,1046.0,1073.0,172955,-1.4761012183692634,1051.8214285714287,1035.3833333333334,1.1018475493235258,1.1534290425507412
2025-05-16,1050.0,1059.75,1047.25,1052.5,114733,-0.11890606420927874,1054.607142857143,1036.6666666666667,1.0787805830636337,1.1017533237754913
2025-05-19,1050.75,1056.0,1045.75,1050.25,78345,0.07142857142856673,1056.607142857143,1039.125,1.0701442059907509,0.8761330930336347
2025-05-20,1053.0,1056.75,1046.25,1050.75,92812,0.21413276231263545,1057.892857142857,1041.4583333333333,1.0476412153287562,0.8733859155337255
2025-05-21,1062.75,1067.5,1052.75,1052.75,129770,0.92592592592593,1057.4285714285713,1043.7916666666667,0.719214601445961,0.8714919207416785
2025-05-22,1067.5,1070.75,1051.0,1057.0,114369,0.44695365796283415,1057.4642857142858,1045.6166666666666,0.7417765583120416,0.8053490192659798
2025-05-23,1060.25,1073.25,1055.5,1071.0,105119,-0.6791569086651017,1056.5,1046.6583333333333,0.786147731223695,0.7732251882146844
2025-05-27,1062.5,1067.75,1059.0,1061.25,85012,0.21221410044800493,1058.107142857143,1047.3166666666666,0.49398689736051615,0.7378107465554676
2025-05-28,1048.5,1064.25,1047.5,1061.75,94732,-1.3176470588235345,1057.892857142857,1047.5416666666667,0.7470241641199574,0.779546853489864
2025-05-29,1051.75,1055.75,1040.0,1055.5,121364,0.30996661897948474,1058.0357142857142,1048.0666666666666,0.7571566072396002,0.7734293163339682
2025-05-30,1041.75,1050.5,1040.25,1049.0,103024,-0.9507962918944624,1056.4285714285713,1048.1666666666667,0.8308047384341162,0.7935349520912409
2025-06-02,1033.5,1042.75,1032.5,1042.25,110582,-0.7919366450683918,1052.25,1048.0666666666666,0.7039246707307973,0.8061189507816612
2025-06-03,1040.75,1044.0,1032.75,1034.5,103958,0.7014997581035409,1048.4285714285713,1048.4416666666666,0.7591247236676447,0.8059217449045617
2025-06-04,1045.0,1053.0,1037.75,1040.5,136377,0.40835935623348973,1046.25,1048.775,0.7932941458697287,0.8035806662346815
2025-06-05,1051.75,1056.75,1040.0,1044.75,0,0.645933014354072,1044.7142857142858,1049.1583333333333,0.8463859008420387,0.806782620853048
2025-06-06,1057.25,1060.5,1047.0,1050.75,130387,0.5229379605419471,1045.9642857142858,1049.3,0.6921672487408599,0.7809526670490512
2025-06-09,1056.0,1061.75,1053.5,1057.5,120715,-0.11823126034523623,1046.5714285714287,1049.5083333333334,0.6915894848573122,0.7789913904130571
2025-06-10,1057.75,1063.75,1055.75,1057.25,139464,0.16571969696970168,1048.857142857143,1049.7,0.5294445901459209,0.7786295023437511
2025-06-11,1050.5,1062.75,1049.25,1057.75,159137,-0.6854171590640501,1051.2857142857142,1050.0166666666667,0.49601529111577786,0.7642573066684594
2025-06-12,1042.25,1056.25,1038.5,1049.0,228330,-0.7853403141361293,1051.5,1050.2666666666667,0.5747553647844136,0.7702662337445099
2025-06-13,1069.75,1071.0,1040.75,1042.25,211601,2.638522427440626,1055.0357142857142,1051.25,1.152423888359903,0.9025587838446658
2025-06-16,1069.75,1079.25,1064.25,1069.5,159294,0.0,1057.607142857143,1051.95,1.1497569927464075,0.8923552025965624
2025-06-17,1074.0,1075.25,1063.75,1069.75,132731,0.3972890862351086,1060.0,1053.15,1.1457287706274144,0.8696691709900874
2025-06-18,1074.75,1079.75,1069.5,1072.25,0,0.06983240223463749,1062.6785714285713,1054.4833333333333,1.1383735449563794,0.865935651754503
2025-06-20,1068.0,1080.5,1067.0,1074.0,104762,-0.6280530355896707,1064.142857142857,1055.7333333333333,1.1874837734568755,0.8715073155334332
2025-06-23,1058.75,1073.75,1056.0,1072.5,105102,-0.8661048689138529,1065.3214285714287,1056.4666666666667,1.2102589986885226,0.8846995571181422
2025-06-24,1046.75,1062.25,1046.25,1055.0,98635,-1.133412042502957,1065.9642857142858,1056.5583333333334,1.259700773058289,0.903101670242939
2025-06-25,1025.25,1054.75,1023.5,1047.25,114571,-2.053976594220208,1059.607142857143,1055.2,0.8439398043579991,0.8897655066721081
2025-06-26,1022.75,1030.5,1017.25,1027.25,61878,-0.24384296513045856,1052.892857142857,1053.7166666666667,0.819629490473263,0.8888029330543911
2025-06-27,1027.75,1034.25,1020.0,1023.25,26684,0.48887802493278176,1046.2857142857142,1052.4083333333333,0.83938319679612,0.8959738446509535
2025-06-30,1024.25,1039.25,1018.25,1030.0,5015,-0.3405497445876926,1039.0714285714287,1051.5083333333334,0.7960759343596668,0.8600155209722629
2025-07-01,1024.75,1026.5,1012.25,1022.0,1119,0.048816206980717425,1032.892857142857,1050.6666666666667,0.8434794154351776,0.8603200087678732
2025-07-02,1050.5,1050.75,1027.25,1027.25,863,2.512808001951705,1031.7142857142858,1050.6583333333333,1.423618893264417,0.9817889163304953
2025-07-03,1056.25,1061.5,1050.5,1055.25,0,0.547358400761544,1033.0714285714287,1050.7666666666667,1.3612448793643854,0.9861254719896825
2025-07-07,1031.75,1051.0,1030.25,1040.75,1227,-2.3195266272189374,1034.0,1049.7333333333333,1.4342264936149995,1.05813231615002
2025-07-08,1024.25,1040.5,1024.25,1038.75,239,-0.726920281075838,1034.2142857142858,1048.2916666666667,1.464776949532833,1.0591718960677887
2025-07-09,1012.25,1023.5,1012.25,1023.5,18,-1.1715889675372182,1032.0,1046.6916666666666,1.5117984490910714,1.0716798902951439
2025-07-10,1012.5,1013.0,1004.5,1005.25,48,0.02469745616202612,1030.3214285714287,1045.025,1.5127271442584558,1.0700474340922623
2025-07-11,1004.0,1015.5,1004.0,1012.5,22,-0.8395061728395103,1027.357142857143,1043.5416666666667,1.5299510167410977,1.055596690927595
2025-07-14,997.0,1002.0,997.0,1002.0,41417,-0.6972111553784854,1019.7142857142857,1041.7166666666667,0.906929771057894,1.0568379708525966
2025-07-15,995.0,1002.5,993.0,997.25,31994,-0.20060180541624506,1010.9642857142857,1040.1583333333333,0.7624840269992597,1.0466170700572717
2025-07-16,1013.5,1014.5,996.0,996.25,33432,1.859296482412054,1008.3571428571429,1039.4916666666666,1.012531857023439,1.1008656641739853
2025-07-17,1021.5,1022.5,1009.5,1012.5,36536,0.7893438579181122,1007.9642857142857,1038.85,1.0548669172326106,1.1030736073887748
2025-07-18,1027.75,1037.25,1020.25,1021.25,46931,0.6118453255017142,1010.1785714285714,1038.275,0.9437388327360303,1.1066494940571612
2025-07-21,1015.0,1028.5,1011.5,1024.0,36572,-1.2405740695694445,1010.5357142857143,1037.05,1.096443690345589,1.1192926941733177
2025-07-22,1010.25,1017.5,1005.0,1016.0,57095,-0.4679802955665058,1011.4285714285714,1035.4833333333333,1.054960622974268,1.1145065468192992
2025-07-23,1005.75,1019.25,1004.75,1010.5,56306,-0.44543429844098315,1012.6785714285714,1033.8083333333334,1.0274441637168725,1.115830928203763
2025-07-24,1004.25,1010.75,999.0,1005.0,68411,-0.1491424310216205,1014.0,1032.025,1.024870240296463,1.1141762972707963
2025-07-25,998.75,1008.25,996.5,1004.75,50674,-0.5476723923325877,1011.8928571428571,1030.3,0.7042550272233774,1.112247899388312
2025-07-28,988.75,996.25,986.75,995.0,59017,-1.0012515644555742,1007.2142857142857,1028.5166666666667,0.5993938479390465,1.117106429440726
2025-07-29,981.75,990.75,976.75,987.75,51072,-0.707964601769917,1000.6428571428571,1025.5833333333333,0.36783340637385725,0.9864881450141558
2025-07-30,967.75,984.0,967.5,982.0,26906,-1.4260249554367221,993.8928571428571,1022.1833333333333,0.42027797161904923,1.0066303295057526
2025-07-31,961.75,972.5,960.75,970.25,2159,-0.6199948333763916,986.9642857142857,1018.4416666666667,0.41145667183637025,0.9984365444076457
